uuid,decklist,draws,lossesBracket,lossesSwiss,standing,winsBracket,winsSwiss,playerUuid,commanderUuid,tournamentUuid
2078a12d-6ac7-4849-84aa-147341497128,https://www.moxfield.com/decks/vs3onfSeQkCc9fmT44w5Lw,3,0,0,1,2,4,b510fc1c-4555-4ed8-a215-7dc60002f271,6b7795fc-3411-4232-b752-152289f3d646,21897079-c1a2-4780-bc72-e48177b8e2c9
b538bd77-a195-40ad-91a9-333655274e9f,https://www.moxfield.com/decks/TVtXV-vyPkivqCdlLIVmpw,3,1,1,8,0,3,cca8c4e7-71f8-4157-890b-e90402973081,a09c7231-7d0c-4e61-89ac-62818714bb67,21897079-c1a2-4780-bc72-e48177b8e2c9
f9185fb4-9dcf-4c72-8f39-c44dbf95776e,https://www.moxfield.com/decks/yxwTWsqx_0yMDI_3M6S_Ww,3,1,1,9,0,3,2905ed7e-5f5e-404d-9c42-9204314c34c9,6b7795fc-3411-4232-b752-152289f3d646,21897079-c1a2-4780-bc72-e48177b8e2c9
12f4abfa-0651-46f0-b7b7-9dfb1d2ce075,https://www.moxfield.com/decks/-E5nwB2cjUO3ZrzZuINPQQ,3,1,1,10,0,3,7a06cccb-1593-4e75-bd0e-b5464bfc48e4,1abd3b29-5af6-47f0-81ba-25cc435026a8,21897079-c1a2-4780-bc72-e48177b8e2c9
e41d8a58-da0c-481a-a290-131c7243f5f4,https://www.moxfield.com/decks/pVZG6tT1FUS-_t6KBn_NMw,2,1,2,11,0,3,f754199c-42b6-4ae7-96c8-11f6e9fb3371,d1dcba70-c2cb-4da1-afcc-8ea485e4e1ee,21897079-c1a2-4780-bc72-e48177b8e2c9
7819e694-ce28-4d38-96f3-a1400c682d9d,https://www.moxfield.com/decks/HKfeTRcb402BaweHCR5trg,2,1,2,12,0,3,14052c55-100b-42f2-ba8a-805fa4a14cba,d1dcba70-c2cb-4da1-afcc-8ea485e4e1ee,21897079-c1a2-4780-bc72-e48177b8e2c9
6b1e68e9-dd2c-4149-a172-6f3c315321a5,https://www.moxfield.com/decks/Qka74NUFNUuCJEdjjwESnw,2,1,2,13,0,3,de8ba78b-53fc-4654-8845-5bd98734e467,d0f9261d-c714-4cf6-899a-67eab589f899,21897079-c1a2-4780-bc72-e48177b8e2c9
305297e1-33ef-4975-aae0-972129be6fc5,https://www.moxfield.com/decks/6dogS4Pdj0OE5O73uUvbWw,2,1,2,14,0,3,e586a5c1-b526-4fd4-9571-181d5be1ef12,ab309fbe-c5ea-41d5-ac19-04db69dbc77d,21897079-c1a2-4780-bc72-e48177b8e2c9
1e503866-e9dc-42e2-8c52-d6e13b8c0920,https://www.moxfield.com/decks/NNxAOCMwh0iXbJE53RH-mg,2,1,2,15,0,3,e9ebc072-7ba4-45da-a552-cc72b9a836c8,dff6303b-43e5-4997-99d3-15241880096c,21897079-c1a2-4780-bc72-e48177b8e2c9
88fc648a-7014-42f9-b4c0-fb12fc97b6f6,https://www.moxfield.com/decks/WxJzU_KFPUWMePkgHkaL0Q,2,1,2,16,0,3,acc59135-3f10-4c77-9e29-6531c0fd8ad4,1abd3b29-5af6-47f0-81ba-25cc435026a8,21897079-c1a2-4780-bc72-e48177b8e2c9
57a945c6-f39b-46cc-b1a8-79746de4bbf2,https://www.moxfield.com/decks/58dN2vyFUUysiXBLUKntAg,2,0,2,17,0,3,3dc02ad4-00e4-43b7-9f48-1dfbc102ded6,b774a711-c2a7-408a-a611-e265b9b85214,21897079-c1a2-4780-bc72-e48177b8e2c9
1bc41d3d-cb60-45d0-8b0c-f13f3301b5ab,https://www.moxfield.com/decks/AUmJAKT0GUiId6KnWc2ZXQ,2,0,2,18,0,3,8ec4c577-56e0-4521-ac29-ff956439f684,ec1e572a-a349-45ec-b81d-50b4e6712f31,21897079-c1a2-4780-bc72-e48177b8e2c9
9a14e7d1-0617-4177-920e-1339f1d396fc,https://www.moxfield.com/decks/iXY2MQd4rkio9Kcqj_s6tQ,2,0,2,19,0,3,65fe6529-cc0b-4296-b0be-c8c29eed1597,ab309fbe-c5ea-41d5-ac19-04db69dbc77d,21897079-c1a2-4780-bc72-e48177b8e2c9
4b2f45b4-dce2-42ea-99cb-b90b6ffd83a4,https://www.moxfield.com/decks/z_kGDgij_EK9q1Fu9mqvSQ,1,0,3,20,0,3,328ea50b-8a88-455f-8d3e-564248c19046,d0132db2-ac78-46b8-b96f-7f63fadae068,21897079-c1a2-4780-bc72-e48177b8e2c9
2631bfa2-1fe2-4d9c-ad3f-19cf03d20c68,https://www.moxfield.com/decks/VUX_Y6-AF0-n11mWST74AA,1,0,3,21,0,3,2ab90b62-6bdf-4a17-a4c6-f36317071255,237b4abb-b676-40ed-96d6-f8fd051c0e05,21897079-c1a2-4780-bc72-e48177b8e2c9
7a4232cd-b02a-4ba2-a662-6d9d019191f2,https://www.moxfield.com/decks/9ZQSvqFLKkK7PcVK3SwfLw,1,0,3,22,0,3,2c72e9ae-f302-4deb-9e7d-06091e096c8e,a09c7231-7d0c-4e61-89ac-62818714bb67,21897079-c1a2-4780-bc72-e48177b8e2c9
e709e8b1-611e-4553-940d-a150df2b8946,https://www.moxfield.com/decks/Op41BqIUu0KdpyOgO-W2-g,1,0,3,23,0,2,cfff9324-9fbf-4946-a0f5-f8c0c4ebfdbe,d1dcba70-c2cb-4da1-afcc-8ea485e4e1ee,21897079-c1a2-4780-bc72-e48177b8e2c9
48f11bd2-4b38-472a-88e6-23ca0fc191a8,https://www.moxfield.com/decks/oehb8YmC_0-9qRonNu66pg,0,0,4,24,0,3,dbedf301-7771-4af0-b14a-98f438ed1323,dff6303b-43e5-4997-99d3-15241880096c,21897079-c1a2-4780-bc72-e48177b8e2c9
868fde14-7df9-48e8-8a4f-22405890a676,https://www.moxfield.com/decks/pzITrQw70E6MeZypYIWRXg,0,0,4,25,0,3,2a544495-bef4-4b16-8ee5-a489896be0b8,d1dcba70-c2cb-4da1-afcc-8ea485e4e1ee,21897079-c1a2-4780-bc72-e48177b8e2c9
e8f94053-71c1-4817-b97e-2d85d01acea2,https://www.moxfield.com/decks/jDX3jI0XAEm7zgXznmXqBA,0,0,4,26,0,3,9bf50627-3b1c-4e46-9d29-25f0431e7b16,30c43f7d-e0ca-4aac-85d9-6d5235b11304,21897079-c1a2-4780-bc72-e48177b8e2c9
9be05eb0-fc89-4143-a19e-131ef02da825,https://www.moxfield.com/decks/wJO1cwTRN0C2HBhXcZryfA,0,0,4,27,0,3,c46ee7bc-f637-4e95-84d9-e2e736e87c49,dff6303b-43e5-4997-99d3-15241880096c,21897079-c1a2-4780-bc72-e48177b8e2c9
72cc5931-e5a0-4409-a0d1-d52591060c7b,https://www.moxfield.com/decks/H7C401jxRE2ybRFOUxotyw,0,0,4,28,0,3,ab8f3da6-16dc-45f7-b94f-831238f8f3dd,6b7795fc-3411-4232-b752-152289f3d646,21897079-c1a2-4780-bc72-e48177b8e2c9
e6589061-90e8-463d-a433-72d020e99660,https://www.moxfield.com/decks/tfPfZRju4k6Pq0Gf60XYbA,0,0,4,29,0,3,acbb4aab-fd83-4824-860f-ac8234ae9923,ab309fbe-c5ea-41d5-ac19-04db69dbc77d,21897079-c1a2-4780-bc72-e48177b8e2c9
34221a37-15ef-4caa-a026-a64234d17c41,https://www.moxfield.com/decks/83EAH6KyJ0q2AQWD-wirXA,0,0,4,30,0,3,e7af41d0-1e82-4c55-8b47-bb995680d546,6b7795fc-3411-4232-b752-152289f3d646,21897079-c1a2-4780-bc72-e48177b8e2c9
f466d2ee-3a14-4cc6-8bb2-f2996b554660,https://www.moxfield.com/decks/wQuYLtSxh0qYzuwobaJlug,3,0,2,31,0,2,a5f0bb5d-738f-4e5f-8e49-9bdc993796fa,ab309fbe-c5ea-41d5-ac19-04db69dbc77d,21897079-c1a2-4780-bc72-e48177b8e2c9
d222375a-1104-4927-b0f8-d8a1d272a5c6,https://www.moxfield.com/decks/0wVgYPzuC0iv8wjDPyLJGw,3,0,2,32,0,2,42fa45cf-ce29-4468-a9fc-750d71d3531c,d1dcba70-c2cb-4da1-afcc-8ea485e4e1ee,21897079-c1a2-4780-bc72-e48177b8e2c9
fc6f8bbd-ef29-4f05-96de-8d6c6a156306,https://www.moxfield.com/decks/_oRhB1E1OU2BKYStYjeHzg,3,0,2,33,0,2,517a94b2-8b0c-4763-852c-f19088ecbfbc,ec1e572a-a349-45ec-b81d-50b4e6712f31,21897079-c1a2-4780-bc72-e48177b8e2c9
f4530e37-b317-403b-a736-b425ab320a79,https://www.moxfield.com/decks/XRVHS7TwT0e4fcLClFbNIg,3,0,2,34,0,2,c7bbce61-d539-454c-9d20-637cc48d7e11,9770d213-7914-44bf-b1e6-84d49f7f8a14,21897079-c1a2-4780-bc72-e48177b8e2c9
283f51b0-4af4-433a-ae5a-51daf5eff68a,https://www.moxfield.com/decks/eP_ZzoyFhUKOBqntC_-L8Q,3,0,2,35,0,2,7386de8c-e0ac-487c-b6a9-8a80c43542f9,dff6303b-43e5-4997-99d3-15241880096c,21897079-c1a2-4780-bc72-e48177b8e2c9
91f95a41-0c4b-40b6-9ee7-2c16b756bc6e,https://www.moxfield.com/decks/EJdhfiZtg0y9FGIvcSFE-g,3,0,2,36,0,2,419e0c7d-45e2-4020-a77f-f0b406a14df2,d1dcba70-c2cb-4da1-afcc-8ea485e4e1ee,21897079-c1a2-4780-bc72-e48177b8e2c9
8d79ec81-1687-4e81-bf2f-e9dd11b13f7d,https://www.moxfield.com/decks/En-qPQj4ak-bEKyMQP5BTQ,3,0,2,37,0,2,e765aee7-2efd-44a3-9668-b9ff1b6f8512,5af44329-8e6b-4617-b68b-714c8538daa7,21897079-c1a2-4780-bc72-e48177b8e2c9
6536dc0b-5a31-4800-9d33-cd1f634a58ae,https://www.moxfield.com/decks/1_jC6Fmg-k2v5buC7sQiCQ,3,0,2,38,0,2,27136985-e371-4187-a7dc-533d696676c1,f2a57192-1405-4523-a820-a7ef05823b70,21897079-c1a2-4780-bc72-e48177b8e2c9
9bbc5244-978a-4d70-8124-c142462f6ebd,https://www.moxfield.com/decks/CyKr1evll0-yDypaiPoqkA,2,0,3,39,0,2,44dd2e1d-53e4-4386-ba62-3735f64f495d,2b257e10-b79f-4cd9-a392-f6c7704a8105,21897079-c1a2-4780-bc72-e48177b8e2c9
3ca62184-a572-48ef-af13-60092b19be6a,https://www.moxfield.com/decks/nIOJp8nYwEu0ZB7YCfm6QA,2,0,3,40,0,2,a64cdefc-7271-4207-947f-3a917b95b903,d1dcba70-c2cb-4da1-afcc-8ea485e4e1ee,21897079-c1a2-4780-bc72-e48177b8e2c9
725e5c12-cb78-4503-afc4-08b7687486d5,https://www.moxfield.com/decks/_E7aGPDdGk6GL4OBcziv_Q,2,0,3,41,0,2,50524e85-045f-4b90-8a46-4830d699db8a,d1dcba70-c2cb-4da1-afcc-8ea485e4e1ee,21897079-c1a2-4780-bc72-e48177b8e2c9
f895ffeb-d50e-4689-b713-3b57eb76efdd,https://www.moxfield.com/decks/_rpzZVpAmEqkZAbcfMU8xA,2,0,3,42,0,2,a1f0a12b-76b3-4de9-b0b8-c20f93b783be,439bf8c0-d727-4f4d-8382-1d38d60320f9,21897079-c1a2-4780-bc72-e48177b8e2c9
16bf442d-c686-4908-be83-1201a2af2b8d,https://www.moxfield.com/decks/_Bj9baljNk-u1OZdBhFOvQ,2,0,3,43,0,2,e609b3ca-5fec-4685-b80d-c50f5890a818,d1dcba70-c2cb-4da1-afcc-8ea485e4e1ee,21897079-c1a2-4780-bc72-e48177b8e2c9
988f4a80-0e87-45e8-bd9e-d20004f19afe,https://www.moxfield.com/decks/cUO0-yOjBEKo16IAFUY7RA,2,0,3,44,0,2,eb92c538-4a4c-4a65-97db-3c1c0102b88c,1abd3b29-5af6-47f0-81ba-25cc435026a8,21897079-c1a2-4780-bc72-e48177b8e2c9
e71761be-930a-4f03-98bb-e2fcc7a1e8f7,https://www.moxfield.com/decks/j2yzU-M85kGma4tEwR1Faw,2,0,3,45,0,2,d00621cc-de91-4620-9534-bccd4c7c8fc0,f155dac9-dc7c-4d5c-ba6d-d8e150683fad,21897079-c1a2-4780-bc72-e48177b8e2c9
f2e6d1c6-9366-47f7-b6e0-b98ff76e9800,https://www.moxfield.com/decks/O13gbkFOyUGpO98Ehwa5Zw,2,0,3,46,0,2,721d2d4c-eed7-46b1-93bf-da60eebccc24,d1dcba70-c2cb-4da1-afcc-8ea485e4e1ee,21897079-c1a2-4780-bc72-e48177b8e2c9
c0c97d3e-ed62-4e4c-8ead-99790b28837f,https://www.moxfield.com/decks/lPkKsrSUnkSNC-An2T-hWg,2,0,3,47,0,2,ef2f2851-7462-4bf7-bc97-161a771e285f,d1dcba70-c2cb-4da1-afcc-8ea485e4e1ee,21897079-c1a2-4780-bc72-e48177b8e2c9
c13ca364-8508-4947-a812-7f6acf96b2d0,https://www.moxfield.com/decks/0wMz9En_MkmLENpdAgfr2w,2,0,3,48,0,2,3368d4dd-5b59-4608-9092-246611e3b715,d0f9261d-c714-4cf6-899a-67eab589f899,21897079-c1a2-4780-bc72-e48177b8e2c9
aa0b60ad-f64f-44b6-9e5c-61bbad50e429,https://www.moxfield.com/decks/F09yQd-LG0KCckOpz6etiQ,2,0,3,49,0,2,ce6b9197-7c27-473c-8a38-e642c4bfb87a,8bb02b1c-8f16-4dad-a03a-5a5f3b071430,21897079-c1a2-4780-bc72-e48177b8e2c9
d395e9e2-c00d-451e-8f3e-a214e1e57ee6,https://www.moxfield.com/decks/pwupQwrJVUSYzC-57U2xtw,2,0,3,50,0,2,2127d9a5-5cf3-4124-9f01-a5a2f03ea05a,d1dcba70-c2cb-4da1-afcc-8ea485e4e1ee,21897079-c1a2-4780-bc72-e48177b8e2c9
617bf613-9085-4b19-899f-7c1705a9fa79,https://www.moxfield.com/decks/WeqsJP1i9k6P_bgwZbN3MQ,2,0,3,51,0,2,3fda9bd8-3aec-45a3-9d19-87c7ec21819f,6b7795fc-3411-4232-b752-152289f3d646,21897079-c1a2-4780-bc72-e48177b8e2c9
fac329bf-7394-458e-8814-82c2a958cea0,https://www.moxfield.com/decks/0sRWi3Ah5kGMq-tuIPKPeQ,2,0,3,52,0,2,eb6df2d2-1235-4f59-af2c-22b778b83c7d,c29d50ee-4f24-44d5-9d3c-b0fc320b0190,21897079-c1a2-4780-bc72-e48177b8e2c9
c440dc72-dfca-451e-a782-11c9d02f673a,https://www.moxfield.com/decks/9tpaVH2uKkasRJ43azStHA,2,0,3,53,0,2,9c2f4285-cd27-4598-bb2a-ddcc6629d03b,1abd3b29-5af6-47f0-81ba-25cc435026a8,21897079-c1a2-4780-bc72-e48177b8e2c9
45c4c2cd-0fa0-427b-9b3b-593576520d6a,https://www.moxfield.com/decks/Ij_AKTGowEiLYLIDRHhBcg,2,0,3,54,0,2,7e08704e-69c3-40a5-a1f0-ae097c526de9,2bd747d7-f554-482f-8478-e5795eba660e,21897079-c1a2-4780-bc72-e48177b8e2c9
51bb6ff9-f3ad-4b9f-add8-863d0532933d,https://www.moxfield.com/decks/zLLrMEi040mU_DqZfbJSRA,2,0,3,55,0,2,ee0603ed-b5fc-40ef-a599-eed501440193,b972b24f-021f-41c8-ae63-14e16f698d25,21897079-c1a2-4780-bc72-e48177b8e2c9
9b3f7598-ecde-4719-b439-7536cc316ecc,https://www.moxfield.com/decks/QOXrFjTKdU2UtCvSOB8z_Q,1,0,3,56,0,2,a96a1a47-68dd-449d-8e27-e26d490ac8ed,dff6303b-43e5-4997-99d3-15241880096c,21897079-c1a2-4780-bc72-e48177b8e2c9
31d035da-406c-49ee-8f90-7e67b0a54940,https://www.moxfield.com/decks/BVu-cO1C2kiB47V3AIDKfw,1,0,4,57,0,2,73c53077-067d-4490-9555-8fce53e65b34,6b7795fc-3411-4232-b752-152289f3d646,21897079-c1a2-4780-bc72-e48177b8e2c9
be0ae6b2-769d-46aa-9a7e-cc67a5f0aa9c,https://www.moxfield.com/decks/S7hft1eig0-P0EsnzIyTuA,1,0,3,58,0,2,014d3653-b801-4b80-8d79-c86aa393c87b,cf47dffc-5f23-4d77-8e89-3895171f04ae,21897079-c1a2-4780-bc72-e48177b8e2c9
b2bdd738-1c5d-4136-90da-ec9ea1d52440,https://www.moxfield.com/decks/ChtwrNgSGUm5-DmDoVCpWA,1,0,4,59,0,2,1e38b228-fc20-4e99-b57e-ed463831bbd3,9d0f3a35-c46f-41d9-a609-f8ae090ae316,21897079-c1a2-4780-bc72-e48177b8e2c9
c37f4abe-71af-4576-99a4-02879d0195c5,https://www.moxfield.com/decks/He6YFyK32U69Zx4a1YTk8Q,1,0,3,60,0,2,d3915a7d-0cdc-4940-bdd5-9e4803fe01b8,d1dcba70-c2cb-4da1-afcc-8ea485e4e1ee,21897079-c1a2-4780-bc72-e48177b8e2c9
00e6fca6-c04c-4b04-a784-f890907f39b2,https://www.moxfield.com/decks/JOxsNgakbUWyG64neyptqA,1,0,4,61,0,2,79781f39-9cd4-413b-9947-868d74acb07d,727aeca6-467e-4b3d-8524-2258543010aa,21897079-c1a2-4780-bc72-e48177b8e2c9
fad10005-86f4-4b7f-8c4d-47a2417f0ccd,https://www.moxfield.com/decks/_HlI5AyDWUCllehBkfqgRA/edit,1,0,4,62,0,2,faa1bd99-89b3-4973-807c-ea1c18e62671,8cf2425e-7ad8-4b45-bb5f-83cd0c4b65c6,21897079-c1a2-4780-bc72-e48177b8e2c9
e8e985ce-aabc-4e17-878e-4acb77648e4f,https://www.moxfield.com/decks/6VTsWfFoXUeLOeuEwWsySA,1,0,3,63,0,2,6d6c2a30-3948-4e1d-b02c-7caf4e5db1ed,d57ac76b-311d-4ce4-bec2-d5b5308491fe,21897079-c1a2-4780-bc72-e48177b8e2c9
f02631c2-2ae7-4c34-b480-20eae536fc36,https://www.moxfield.com/decks/5JFEOHx1Kk-iFetGpxhyiw,1,0,4,64,0,1,b8caf6b1-fd85-4b83-b251-5f13fe0c19bc,7d5d7a0f-0570-4d76-a360-40cd75d8aa4f,21897079-c1a2-4780-bc72-e48177b8e2c9
10ab3e80-a253-44c7-b8cb-5da174c9a0ef,https://www.moxfield.com/decks/h9Hi7e0FrEuDqs27p9xCrw,1,0,4,65,0,2,1314691d-4486-4ead-ad7d-77ad7ff2fe8e,1abd3b29-5af6-47f0-81ba-25cc435026a8,21897079-c1a2-4780-bc72-e48177b8e2c9
b90f3afe-89a8-4cd9-b00e-117342a8a4b6,https://www.moxfield.com/decks/EE1tCsNKaEKfNsFdlvQ6Bw,1,0,4,66,0,2,b42a08f2-a121-492d-9250-0fe835ff00ad,dff6303b-43e5-4997-99d3-15241880096c,21897079-c1a2-4780-bc72-e48177b8e2c9
866a6b48-e030-47a0-a4a6-23ba49dcec25,https://www.moxfield.com/decks/vqKI0FmMSUOlYUkY3YqS4g,1,0,4,67,0,2,0d993e72-783c-42b6-87a3-73602c8e72e0,ec1e572a-a349-45ec-b81d-50b4e6712f31,21897079-c1a2-4780-bc72-e48177b8e2c9
fbbbe01d-89c7-40ef-9774-e53708ebbe94,https://www.moxfield.com/decks/f9B388TtKEaMKDv8xZef3A,1,0,4,68,0,2,9f316052-aeaa-46d6-9f95-1e0544868eac,f2a57192-1405-4523-a820-a7ef05823b70,21897079-c1a2-4780-bc72-e48177b8e2c9
2af7ce95-5108-4cac-8a6b-f20946c4e50b,https://www.moxfield.com/decks/0If2DZZaukWrj8uYE39ROA,1,0,4,69,0,2,0c3522b7-fbf2-404f-8ae9-ef77e38cbf73,6ad34afc-84a9-49f7-9587-28f9a07ae73f,21897079-c1a2-4780-bc72-e48177b8e2c9
8c6d9566-59b4-4042-9714-ced6b88c2f26,https://www.moxfield.com/decks/2bDmI2I5yUqBlmulwhEung,1,0,3,70,0,2,6f20b1f2-00b1-4f53-82c6-4ad00b0c4319,9770d213-7914-44bf-b1e6-84d49f7f8a14,21897079-c1a2-4780-bc72-e48177b8e2c9
8981435a-6876-489d-931c-6163f6a7d5d4,https://www.moxfield.com/decks/3grcfFbQxk22nKp0OpE3iw,1,0,4,71,0,2,8c4487c6-0fd0-4f90-896e-901ac88041e5,6b7795fc-3411-4232-b752-152289f3d646,21897079-c1a2-4780-bc72-e48177b8e2c9
e5524c0e-eb0a-4f55-86b1-34bba06d75b6,https://www.moxfield.com/decks/Ohu53aT2bEGqbta16UZlzw,1,0,3,72,0,2,ddb3b862-1ddf-46ca-9cec-3a0045afd23f,6b7795fc-3411-4232-b752-152289f3d646,21897079-c1a2-4780-bc72-e48177b8e2c9
2b28b46d-6a4b-4d6d-8309-a1dc22e2cb86,https://www.moxfield.com/decks/rZ98z6gRpke8sjPOfZ8FZA,1,0,4,73,0,2,6ea4be22-ec5f-4716-aafb-9525e6c2cea0,00221313-4027-4532-aed2-2ddeb7c458c6,21897079-c1a2-4780-bc72-e48177b8e2c9
ba285b6a-37ec-4088-9ea9-35a36339917d,https://www.moxfield.com/decks/Oj-2VdzZdUa8MR504CUR6g,0,0,4,74,0,2,bfd72791-719b-4d81-8949-d283c5c53e91,b8720f3a-e91b-4452-92b3-4dd3d2da81be,21897079-c1a2-4780-bc72-e48177b8e2c9
23285ad4-a053-4e65-a388-53b4e3e27c65,https://www.moxfield.com/decks/8aLFEjP_aUe5S6vMkFTQeA,0,0,5,75,0,2,e59b22f8-2325-499c-bc85-3c43caa9473e,d1dcba70-c2cb-4da1-afcc-8ea485e4e1ee,21897079-c1a2-4780-bc72-e48177b8e2c9
146352c9-42ce-4287-9e4d-70a5a9e3eab3,https://www.moxfield.com/decks/Mp5VumHjCk2cLcrzQ7tOGQ,0,0,4,76,0,2,c069d913-6b22-4950-a655-ce3103386209,993feb9c-26da-4a51-adf7-21782ecf9192,21897079-c1a2-4780-bc72-e48177b8e2c9
60646d27-cf74-4731-a23a-a18b790aeece,https://www.moxfield.com/decks/-J8vkRDF3k-7akoENkUw4A,0,0,4,77,0,2,7059d924-a980-483b-8ce8-2ec3295821a4,d57ac76b-311d-4ce4-bec2-d5b5308491fe,21897079-c1a2-4780-bc72-e48177b8e2c9
303ae13e-c6ed-485e-b4fa-633d71e0538d,https://www.moxfield.com/decks/7uGdENWagk6Gqn6tEH1pCA,0,0,5,78,0,1,a8e7bf2d-4986-4e6c-acf0-ac93c4d6af4a,5af44329-8e6b-4617-b68b-714c8538daa7,21897079-c1a2-4780-bc72-e48177b8e2c9
fc24e8d9-7f70-43a2-98c9-23e6b95ecd16,https://www.moxfield.com/decks/WktdLag4ekaesTdsQxfZCg,0,0,5,79,0,2,f58fc5b6-50bd-4985-be4c-4a7c934f9e41,1abd3b29-5af6-47f0-81ba-25cc435026a8,21897079-c1a2-4780-bc72-e48177b8e2c9
db7997f2-48bc-4cc1-abbc-57b848f13511,https://www.moxfield.com/decks/cm2XwEhN1ka0AF3JIA95cg,0,0,5,80,0,2,fa8b5751-33b9-4533-bb75-d2f4ba257534,2a5580f1-57d1-43b5-abb6-aadd1ccc23e2,21897079-c1a2-4780-bc72-e48177b8e2c9
0404442a-ab53-44f1-9857-86e5d2cb5e50,https://www.moxfield.com/decks/Z3DloVaWZ0q2ctRrzuzY-w,0,0,5,81,0,2,c8316cb1-7f93-4b37-8a7b-2f0373412c81,1abd3b29-5af6-47f0-81ba-25cc435026a8,21897079-c1a2-4780-bc72-e48177b8e2c9
7958c018-3804-472b-904e-b3a981cf7d70,https://www.moxfield.com/decks/03oFrgUeTku3XxVg76Fi9g,0,0,5,82,0,2,b207b00f-73ac-4b8a-ba88-5fd1285f463d,1abd3b29-5af6-47f0-81ba-25cc435026a8,21897079-c1a2-4780-bc72-e48177b8e2c9
3e68971b-87ba-4eb7-91cd-89efc2a4091c,https://www.moxfield.com/decks/xeXIm-ybTkO5tcg5gW-z4w,0,0,4,83,0,2,0e58d19d-bfd3-4fb6-97b9-3d9d5b70ade8,d57ac76b-311d-4ce4-bec2-d5b5308491fe,21897079-c1a2-4780-bc72-e48177b8e2c9
f4b9c880-ba0f-4843-a715-42c055fb4c1f,https://www.moxfield.com/decks/5MR6eDq7hUGFAPVeVRmMBA,0,0,5,84,0,2,b30467c5-9c8a-4e08-8286-63f5b18d7949,540d6e39-c8fa-44fb-a48f-17b641fc263d,21897079-c1a2-4780-bc72-e48177b8e2c9
fe0f51e4-1be0-44c1-882f-7e5a3b23c3d5,https://www.moxfield.com/decks/QI8vfGnO2kW-hH1V6XqlxA,0,0,4,85,0,2,566e2426-a7d8-43ee-a564-79704f9e1de2,61eee0e6-4758-480e-9926-d8b9087691dc,21897079-c1a2-4780-bc72-e48177b8e2c9
b930589a-dbec-40da-ba13-c8cc6bf67165,https://www.moxfield.com/decks/3KaJg2WCDEm_F6N9CBf10g,4,0,2,86,0,1,60ebfaf7-88a3-4e26-a0c4-7154f40a3fc5,439bf8c0-d727-4f4d-8382-1d38d60320f9,21897079-c1a2-4780-bc72-e48177b8e2c9
8e42095a-c105-47f7-bea0-52d8b0746415,https://www.moxfield.com/decks/Nyjlq3F5PU-tSP5gTtMFaQ,4,0,2,87,0,1,abb7661d-6088-4c4b-9c16-dde1d5c179ee,d1dcba70-c2cb-4da1-afcc-8ea485e4e1ee,21897079-c1a2-4780-bc72-e48177b8e2c9
abc33ce3-540a-4b42-ae04-8ab019f58a1d,https://www.moxfield.com/decks/ZEKuNN9EZUOT5LTzMYpjfg,4,0,2,88,0,1,93ea50a8-8c8f-428a-9f52-6b8c817ef454,9d0f3a35-c46f-41d9-a609-f8ae090ae316,21897079-c1a2-4780-bc72-e48177b8e2c9
e2a54016-1ba5-4efd-8443-e80cca7737c9,https://www.moxfield.com/decks/8LgK8-CXkE2D_3PvDP2sFQ,4,0,2,89,0,1,0f706a6a-5103-4a5a-bcdd-9682abc8addf,dff6303b-43e5-4997-99d3-15241880096c,21897079-c1a2-4780-bc72-e48177b8e2c9
94195287-0fad-47f5-a572-f95622f540c4,https://www.moxfield.com/decks/Vcz_a2ekwUO0FfFVrdo1aQ,4,0,2,90,0,1,2066339c-b896-4460-80cb-e5d6b51b036b,439bf8c0-d727-4f4d-8382-1d38d60320f9,21897079-c1a2-4780-bc72-e48177b8e2c9
f5d22ca5-b96d-46f2-b2b2-62386fcd86bc,https://www.moxfield.com/decks/SdzlXL71hk6PFB6AibuO0w,3,0,2,91,0,1,527741eb-65f8-49de-968f-38618336f973,9d0f3a35-c46f-41d9-a609-f8ae090ae316,21897079-c1a2-4780-bc72-e48177b8e2c9
e9e4ca27-e601-425f-b1cc-3ca7bca19652,https://www.moxfield.com/decks/6hzCTKjGLkCfVlyQOFJD-Q,3,0,3,92,0,0,4958f400-8757-46a5-8fff-fb839aecef41,6b7795fc-3411-4232-b752-152289f3d646,21897079-c1a2-4780-bc72-e48177b8e2c9
64cb2dc0-5e25-4c3a-b4d3-dcaa5f387dd6,https://www.moxfield.com/decks/_7Gmm5yJq0iroAUKxPaJfg,3,0,3,93,0,1,19014971-42b3-44e7-b20e-34d6fc3503ad,d57ac76b-311d-4ce4-bec2-d5b5308491fe,21897079-c1a2-4780-bc72-e48177b8e2c9
0c4fa05b-019f-4370-b946-0968670ef043,https://www.moxfield.com/decks/xPXk449rL022u7O4BMCQZw,3,0,2,94,0,1,4a074012-d81e-4932-b0c6-6870605c469b,d1dcba70-c2cb-4da1-afcc-8ea485e4e1ee,21897079-c1a2-4780-bc72-e48177b8e2c9
29b52860-3065-4454-89d7-7aede37edc9d,https://www.moxfield.com/decks/MBpFxMQzaEW0nagoByeHMw,3,0,1,95,0,1,0bec4a6b-d0ed-4150-a69c-be2fbfe68ec0,959eb3c1-8915-48c5-a4f0-445f4457cbae,21897079-c1a2-4780-bc72-e48177b8e2c9
7bc549fe-65e6-478b-af41-4c9404c8f99d,https://www.moxfield.com/decks/T2caYMVfqkqopbSxUkZEjQ,3,0,3,96,0,1,d446d047-2d3a-4add-9f9f-df60e149aab0,8e489a6c-3b53-4118-a870-700a0335f445,21897079-c1a2-4780-bc72-e48177b8e2c9
4f9deaee-ac8d-4d91-879f-904ba1c1c545,https://www.moxfield.com/decks/q_W-DqEj00Gg6MCu3h-Qig,3,0,2,97,0,1,343fed12-f83c-46f8-9df9-c66a8cf1dff0,d26bbca7-a394-4600-9109-82f2a9858eeb,21897079-c1a2-4780-bc72-e48177b8e2c9
22b80671-c84e-41d6-aa3b-9600e5836bdb,https://www.moxfield.com/decks/6ztF7p-_ukuhSmnOQQlMKA,3,0,3,98,0,1,d7bdd6a7-d210-4f87-94c1-11594860a5c3,ec1e572a-a349-45ec-b81d-50b4e6712f31,21897079-c1a2-4780-bc72-e48177b8e2c9
c30e1c97-8159-46ba-a073-378d981aeb88,https://www.moxfield.com/decks/l6LiTE3tXUG3hKHziWjVJg,2,0,4,99,0,1,86d457fe-f9d9-4608-a299-9df2c2b6542e,d1dcba70-c2cb-4da1-afcc-8ea485e4e1ee,21897079-c1a2-4780-bc72-e48177b8e2c9
aaa63ea3-8f58-4b36-93a8-c30d168d62ae,https://www.moxfield.com/decks/UVFldKcLXkKz54oi4nD89Q,2,0,3,100,0,1,15076dfe-62dc-45ce-9829-a4aa9dcecea7,6d027e44-9e05-4cd3-bf92-3b7254077c2b,21897079-c1a2-4780-bc72-e48177b8e2c9
b2e50147-1620-4b6d-b6c3-78b0d4927924,https://www.moxfield.com/decks/crb5Llx6WkOuz163Yp7O9Q,2,0,2,101,0,1,0954a597-7aa7-4b03-94cd-48d907591242,1abd3b29-5af6-47f0-81ba-25cc435026a8,21897079-c1a2-4780-bc72-e48177b8e2c9
bf89953a-97ef-43bf-9878-cbba7aded46e,https://www.moxfield.com/decks/E1KK_30cWkO1jmsqLuGLUg,2,0,2,102,0,1,77515798-f6e4-4031-bd2f-cc1c660e9e8b,ab309fbe-c5ea-41d5-ac19-04db69dbc77d,21897079-c1a2-4780-bc72-e48177b8e2c9
116bd575-ae8a-41ae-97ca-c7cf51a35b5e,https://www.moxfield.com/decks/9JLOslAtCEecQ5mIpUMB4g,2,0,4,103,0,1,3e6c7c0f-018c-450d-a0e0-c3fbd040b235,6b7795fc-3411-4232-b752-152289f3d646,21897079-c1a2-4780-bc72-e48177b8e2c9
17aa3b5d-1b55-491d-a500-e6109724568d,https://www.moxfield.com/decks/i_zNLLFOLUS_Dn5WalfuJw,2,0,4,104,0,1,d8aea2ca-713e-413e-a5d1-eee14bbc2d37,6b7795fc-3411-4232-b752-152289f3d646,21897079-c1a2-4780-bc72-e48177b8e2c9
a4ab2104-add4-408b-89b4-3a89f698ea47,https://www.moxfield.com/decks/K4BirsZjbUOzboP62KOezA,2,0,4,105,0,1,27fcb8e9-7566-4ce0-8752-fcbd171d8bde,ac9c0553-391a-45c3-84d4-083df943732d,21897079-c1a2-4780-bc72-e48177b8e2c9
6e878d33-1694-4d77-a757-cd388b4b0ef6,https://www.moxfield.com/decks/PkG8DuClFUufIZcZIItz4g,2,0,4,106,0,1,d600f899-e76a-4053-bb1a-aa8d7f41d9a3,9d0f3a35-c46f-41d9-a609-f8ae090ae316,21897079-c1a2-4780-bc72-e48177b8e2c9
f0208c67-0533-44d7-9872-c0ae759fc086,https://www.moxfield.com/decks/fsdf20RBd02fcqvqLjb6BA,2,0,4,107,0,1,27a86e05-6e64-4944-abc3-2e3650d97f99,453328f0-f65c-4400-8eef-15af5115b701,21897079-c1a2-4780-bc72-e48177b8e2c9
d459b5d1-1a45-45ed-ad33-c3f5959d7c37,https://www.moxfield.com/decks/XNAzvtJL7EOUqpyp7LWqmQ,2,0,3,108,0,1,2d3d7561-f36a-4556-b652-c10cf878808d,993feb9c-26da-4a51-adf7-21782ecf9192,21897079-c1a2-4780-bc72-e48177b8e2c9
dcf4c69d-3437-440e-93f8-215de8dff998,https://www.moxfield.com/decks/JKNCC6vzDkeTxjCkoMajbg,2,0,4,109,0,1,6783b784-4705-4dfe-9fa2-f957d2d4fcb6,a09c7231-7d0c-4e61-89ac-62818714bb67,21897079-c1a2-4780-bc72-e48177b8e2c9
12ca989d-15bd-4e8f-9282-b4b9fd33f40e,https://www.moxfield.com/decks/w50ySR6T8kKvDWJc9KUTJw,1,0,4,110,0,1,f61b0a47-0e70-4c1c-979b-c558f05f9157,d1dcba70-c2cb-4da1-afcc-8ea485e4e1ee,21897079-c1a2-4780-bc72-e48177b8e2c9
76eecbfb-f31b-414d-9ea0-326a37c7aa51,https://www.moxfield.com/decks/SoBaGWjAyk2yToQYxH1wFg,1,0,4,111,0,1,4aa4e47a-6e20-4416-b072-75cae2e002e9,a09c7231-7d0c-4e61-89ac-62818714bb67,21897079-c1a2-4780-bc72-e48177b8e2c9
84215fe5-0bbf-42c1-8abe-25f71ffbb61f,https://www.moxfield.com/decks/2rbCiCP4LkaUm3HVgZ19rQ,1,0,3,112,0,1,161bddcb-9e8d-40af-aacb-ae213dfb67df,6b7795fc-3411-4232-b752-152289f3d646,21897079-c1a2-4780-bc72-e48177b8e2c9
1b7380ef-691e-4f19-bf4e-1462c08be2af,https://www.moxfield.com/decks/D8LIHclHmUSmiGGWanUhfQ,1,0,2,113,0,1,3ece2a15-9871-4625-9674-632ca256ee79,c5021b69-f44c-412f-837b-1b0d5dd5cfec,21897079-c1a2-4780-bc72-e48177b8e2c9
dc8ff786-b4a2-41da-b6e6-31397a5a016c,https://www.moxfield.com/decks/66EDNeFcYk2a2rBfLNPxXg,1,0,4,114,0,1,2a24c848-1b97-466c-adf2-38d808e1e87f,ec1e572a-a349-45ec-b81d-50b4e6712f31,21897079-c1a2-4780-bc72-e48177b8e2c9
b172fe68-db52-4916-b212-0d4cf70abd31,https://www.moxfield.com/decks/5j9UYQlcwkCjtt_HoBNRrw,1,0,4,115,0,1,3ac541b4-3d58-4aeb-a947-4e293331f4f5,959eb3c1-8915-48c5-a4f0-445f4457cbae,21897079-c1a2-4780-bc72-e48177b8e2c9
3f8d2819-f211-4c49-8290-7644403b8eda,https://www.moxfield.com/decks/USwGeLnQLEipyQFNG4CRwg,1,0,4,116,0,1,cc6aac83-f925-431f-b820-58d7df53014a,b48f4d56-55f7-4849-a413-b49b2b6ce1c9,21897079-c1a2-4780-bc72-e48177b8e2c9
afe4005c-0f1f-413e-8775-b01b0e32fe97,https://www.moxfield.com/decks/YdmbhfaPA0SDEH38DNokGw,1,0,4,117,0,1,b2212978-0248-4aeb-866d-0ffc0b7706f4,202cc50f-75aa-4d0f-b4b6-f9b7a7e7322b,21897079-c1a2-4780-bc72-e48177b8e2c9
83cea240-25d3-4f0c-86d0-af8e46cd0736,https://www.moxfield.com/decks/0FkSU7iYkEiAteGFh4VIZA,1,0,4,118,0,1,3e6e4edf-9c0a-4533-a66b-3894aef89c4d,dff6303b-43e5-4997-99d3-15241880096c,21897079-c1a2-4780-bc72-e48177b8e2c9
99e839be-8ef1-4402-999a-b9b416e49234,https://www.moxfield.com/decks/3KZh8z9l6Eii8607jrjc6A,1,0,4,119,0,1,a5a1b1ed-7f97-4d41-9a13-6bed50764085,2bd747d7-f554-482f-8478-e5795eba660e,21897079-c1a2-4780-bc72-e48177b8e2c9
304c04ac-6ad9-4472-ae34-7fc685733ed2,https://www.moxfield.com/decks/4NbvuzYEGUGVwgmUt0bJpQ,1,0,5,120,0,1,e5d1dc1d-a0c9-4ff2-9334-92b646c8d909,ecc12ccf-3014-43a5-af78-d2e64e6732ac,21897079-c1a2-4780-bc72-e48177b8e2c9
fe8ddf05-75d5-4777-b977-8bc531cae30e,https://www.moxfield.com/decks/uinRnC5iy06taXC1uaCO2A,1,0,3,121,0,1,94ebbd4e-2c92-4111-97bf-865543ec9dde,d1dcba70-c2cb-4da1-afcc-8ea485e4e1ee,21897079-c1a2-4780-bc72-e48177b8e2c9
d82de2dc-1ffa-4e0e-b3d6-181edb436dcf,https://www.moxfield.com/decks/tL4r7BS0PUGF9gZ-u-_WkA,1,0,5,122,0,1,91910502-7ab5-4366-939d-824d233bb99d,8e489a6c-3b53-4118-a870-700a0335f445,21897079-c1a2-4780-bc72-e48177b8e2c9
19e73dbe-0701-4523-9812-40bae4b5cb10,https://www.moxfield.com/decks/mVlwgwEv00iGPWDFYxKd1Q,1,0,4,123,0,1,1fe46fc9-72e9-4de4-851e-fa4459c49efe,75729ae9-bb3b-446a-9288-f14dd43dc301,21897079-c1a2-4780-bc72-e48177b8e2c9
653398d7-af54-44e2-ad01-464815e26caf,https://www.moxfield.com/decks/73ukgwt7AkKb9S-qnEY8Rg,1,0,5,124,0,1,bbc50018-8af5-463b-88c2-103e8aa8a0bc,dff6303b-43e5-4997-99d3-15241880096c,21897079-c1a2-4780-bc72-e48177b8e2c9
e5859fb3-ace4-43cd-86d3-fcf24a26ae70,https://www.moxfield.com/decks/AKtxybXNf0qb08KuCSe7Kw,1,0,4,125,0,1,8c4597eb-b394-4d73-891e-4ad64be63158,993feb9c-26da-4a51-adf7-21782ecf9192,21897079-c1a2-4780-bc72-e48177b8e2c9
dfaee69c-4eaa-48ec-9921-796ef264ab50,https://www.moxfield.com/decks/28vBGhJYPk63w-V1nD38EA,1,0,4,126,0,1,4de4d7ba-bd10-4c3d-baec-97e9e146fb64,5af44329-8e6b-4617-b68b-714c8538daa7,21897079-c1a2-4780-bc72-e48177b8e2c9
9df02c8d-b80c-4245-84c9-0a37f86c4861,https://www.moxfield.com/decks/QFk5DupgaUawIjbAFnSATQ,1,0,4,127,0,1,98fcf94d-f22d-4242-a357-56b228514a48,3396f99c-4a97-4136-bdf4-2b1d97bd14c9,21897079-c1a2-4780-bc72-e48177b8e2c9
abdcd904-a9c6-4cae-8677-9b52e331a0fc,https://www.moxfield.com/decks/eXOQx7fKPUCKTtNlFO5-fg,1,0,5,128,0,1,7ac629d2-20e4-401d-b225-b9f43bb894d9,453328f0-f65c-4400-8eef-15af5115b701,21897079-c1a2-4780-bc72-e48177b8e2c9
78b47056-d338-4537-bb9c-3b9908d9e30f,https://www.moxfield.com/decks/rGulmPE_dUKiql7s3xyHBw,1,0,3,129,0,1,65fe1edd-1e9e-434a-9313-d9fc5ffebcb4,439bf8c0-d727-4f4d-8382-1d38d60320f9,21897079-c1a2-4780-bc72-e48177b8e2c9
0d5dde37-3cc9-48eb-947f-4f11b24deb13,https://www.moxfield.com/decks/rX3y2OykzkKrVmJsW5Xgxg,1,0,3,130,0,1,1f40b484-7f20-4dc7-8282-f24f467e1ece,9afc76f3-93a2-40d3-acf0-e3ece4cf1336,21897079-c1a2-4780-bc72-e48177b8e2c9
f7f8f2b8-b597-43f4-83b1-a44f8cd2c704,https://www.moxfield.com/decks/-i68SUIqQEKCQ3XqPQHnpA,1,0,4,131,0,1,271c3069-766b-43ef-aec8-81790ded6732,fc31394c-59f7-4743-8904-cbb18e59bc2d,21897079-c1a2-4780-bc72-e48177b8e2c9
8857bed9-1d18-47f8-bde8-9844b8bd949f,https://www.moxfield.com/decks/rfbqtY-Sik24zdIhbgc2eg,1,0,3,132,0,1,8d9a0b66-dca5-4ff7-ab27-d317287ea6a6,dff6303b-43e5-4997-99d3-15241880096c,21897079-c1a2-4780-bc72-e48177b8e2c9
048b904e-781f-4b14-aa42-e383510d35d7,https://www.moxfield.com/decks/WXFiW_swhEescklTmOuWjA,1,0,5,133,0,1,40b78ee3-bea5-4686-b326-c012d3c23c07,959eb3c1-8915-48c5-a4f0-445f4457cbae,21897079-c1a2-4780-bc72-e48177b8e2c9
0a37ba04-a9be-4bbc-9938-9b9346e78482,https://www.moxfield.com/decks/R0LehTkMqE2_Csa3tp6aFA,1,0,5,134,0,1,866e201b-23f4-4db5-9544-9e8431a9f1d8,dff6303b-43e5-4997-99d3-15241880096c,21897079-c1a2-4780-bc72-e48177b8e2c9
21f353ef-53ce-4a69-8fe2-458b22350156,https://www.moxfield.com/decks/IbbyX4z37ku3g3eSqE24KQ,0,0,4,135,0,1,dba99b95-80ca-499e-88d8-d92133569425,993feb9c-26da-4a51-adf7-21782ecf9192,21897079-c1a2-4780-bc72-e48177b8e2c9
66527219-7fe7-4d48-9750-91f01b1db7ad,https://www.moxfield.com/decks/ZHdmxajjo0yJhqXHJc5TIA,0,0,5,136,0,1,74f7bd6a-6972-4756-98e5-7813cb034830,30c43f7d-e0ca-4aac-85d9-6d5235b11304,21897079-c1a2-4780-bc72-e48177b8e2c9
93e37be6-18f1-488d-9062-eccb388c9c15,https://www.moxfield.com/decks/MXnuQzeV_02Qv88el4JJVg,0,0,6,137,0,1,cf723715-38fc-4a41-835e-190264bfc06b,30c43f7d-e0ca-4aac-85d9-6d5235b11304,21897079-c1a2-4780-bc72-e48177b8e2c9
9ac1506b-fe0b-4968-b9c6-f3a8a04f855e,https://www.moxfield.com/decks/jjiUXYJdqk-qbNFRaZesQg,0,0,6,138,0,1,fa92f9e1-434c-4c0f-acff-d432fc03d094,453328f0-f65c-4400-8eef-15af5115b701,21897079-c1a2-4780-bc72-e48177b8e2c9
abf4e574-5314-418b-bd8e-5edd8e988f99,https://www.moxfield.com/decks/Vfy-Yk0KT02C98u2w92vvQ,0,0,5,139,0,1,8ad7d795-38be-43b1-8fda-30cf77319b94,c5021b69-f44c-412f-837b-1b0d5dd5cfec,21897079-c1a2-4780-bc72-e48177b8e2c9
37fb3f22-4e62-4577-ac32-8baecda75a15,https://www.moxfield.com/decks/JU-iAnq_5kqVMUtFqr_c1g,0,0,5,140,0,1,0f0920d9-721b-47e8-aa83-52a3bc03373d,30c43f7d-e0ca-4aac-85d9-6d5235b11304,21897079-c1a2-4780-bc72-e48177b8e2c9
606d0377-426d-46aa-87a3-48244f978ad4,https://www.moxfield.com/decks/qLDEGCY2pU-IwP0QqSSWrA,0,0,4,141,0,1,d2251bbe-f3f1-4a02-ab9b-c2d537108cb8,d1dcba70-c2cb-4da1-afcc-8ea485e4e1ee,21897079-c1a2-4780-bc72-e48177b8e2c9
076ba126-819c-4fef-83a0-960fb824eaa2,https://www.moxfield.com/decks/7GqXyI9_-Ea-qxjXciVSCA,0,0,4,142,0,1,5698ba04-14a1-4d05-9da6-e7f1e2fbe333,8bf88d99-0d9d-4b59-99f2-553cc7abd7e1,21897079-c1a2-4780-bc72-e48177b8e2c9
8c43052e-c365-4f02-ac50-0ab4e87f56d6,https://www.moxfield.com/decks/bF9z7m7BpEyPnuNmmK9nIg,0,0,4,143,0,1,e6fbcc7d-5a1a-4f58-aeb0-37854abffc63,0daf232a-686e-455e-a232-974986cc8d9d,21897079-c1a2-4780-bc72-e48177b8e2c9
5f63e384-6700-4e3b-b0dc-f2fe508367c0,https://www.moxfield.com/decks/kqoUXhAJvE6SUxNcXIxohw,0,0,6,144,0,1,fe180010-192f-45d1-9288-efae00794577,8e489a6c-3b53-4118-a870-700a0335f445,21897079-c1a2-4780-bc72-e48177b8e2c9
f3fc5d13-1405-4ae4-80b2-e76d942c429f,https://www.moxfield.com/decks/04-w4ll6VUKrOBiNdQuImg,0,0,6,145,0,1,54790c6e-fc78-466b-a9a5-0f19275539a2,6c878fe9-d3e1-4cc3-ad9d-3b8067efd314,21897079-c1a2-4780-bc72-e48177b8e2c9
204ad697-0ef2-4c25-9bcd-0ec63bb94443,https://www.moxfield.com/decks/zDUKtK-c90Ozo7vVDC8mMg,0,0,4,146,0,0,c9474c80-d02c-4a88-8b6f-33c4b3da98fe,03ee34e6-f70a-4098-9d6e-08c83b2a14cf,21897079-c1a2-4780-bc72-e48177b8e2c9
f322189b-c3c2-4975-8e25-d0135ac51b3f,https://www.moxfield.com/decks/pdjJO9R4Y023-QLUxreAcg,0,0,4,147,0,1,40677059-ff20-4c2a-b292-2df924c064ea,6b7795fc-3411-4232-b752-152289f3d646,21897079-c1a2-4780-bc72-e48177b8e2c9
d7597642-3bc5-402a-83a3-19567475ee1b,https://www.moxfield.com/decks/oCCchOcuj0GMgnMS6uUKxg,0,0,5,148,0,1,4545ce16-3b8a-4653-9394-a4df86653bff,5c2476c8-1375-4431-8a80-8259d3debcd0,21897079-c1a2-4780-bc72-e48177b8e2c9
e1b03e57-ef83-468d-afe4-5f50517c9910,https://www.moxfield.com/decks/qj687Q_LIkiGXIkEtsjjpw,0,0,4,149,0,1,e02e82d7-d003-4d6f-b383-484e65d76b2e,bb47d342-0196-45dd-a2b1-5067f7f2fd51,21897079-c1a2-4780-bc72-e48177b8e2c9
77cc1589-2504-41c6-bd93-bfc1c236c99a,https://www.moxfield.com/decks/N7JQHOhK0UKynX4up2W35Q,0,0,5,150,0,1,f44742e3-e8c2-4e2c-b292-48a4e0ad5d4e,7bf451c0-d1ce-406d-9364-a4f24c119689,21897079-c1a2-4780-bc72-e48177b8e2c9
7fee3642-f1a9-4a34-bb4e-3fc4725d90fa,https://www.moxfield.com/decks/Yl7lq_pysE-qZ8GigVlSog,0,0,4,151,0,1,5f550c80-6f0b-467a-b0d6-4112dc577f8f,d1dcba70-c2cb-4da1-afcc-8ea485e4e1ee,21897079-c1a2-4780-bc72-e48177b8e2c9
c3a017b1-8aa6-47df-a27b-3e7c75dd2b99,https://www.moxfield.com/decks/wX0SnVOw8UKe7pYyhEw1Bw,0,0,4,152,0,1,73886496-5537-486c-a2aa-f04162a57ed5,1abd3b29-5af6-47f0-81ba-25cc435026a8,21897079-c1a2-4780-bc72-e48177b8e2c9
63a77ab5-5fb8-47f1-b688-5e0ca44d9d65,https://www.moxfield.com/decks/aaqJaGo3k0avoLpbiqY-zg,0,0,6,153,0,1,0feda77b-1df6-4214-91fc-a68b135f5286,1abd3b29-5af6-47f0-81ba-25cc435026a8,21897079-c1a2-4780-bc72-e48177b8e2c9
0d25c65d-9050-49af-b3c1-84a6faaf6753,https://www.moxfield.com/decks/hnmfzs-uOkir_LuN_Rglzw,0,0,4,154,0,1,87dafcbc-56e6-4747-a53d-7ef7a6ae0229,eaecc657-bc72-4caf-84ef-7c1270823f12,21897079-c1a2-4780-bc72-e48177b8e2c9
b1394d98-c681-48e2-8cf1-0647530a175c,https://www.moxfield.com/decks/e4jbxhKzpEGeXC8MEY5RTA,0,0,6,155,0,0,e97eda07-96ed-4fdd-bf70-4d5737169403,cabe033f-780e-4202-9ae7-b6c6f8027053,21897079-c1a2-4780-bc72-e48177b8e2c9
97651f63-dcee-4113-b7e5-916911eef268,https://www.moxfield.com/decks/lJZLWJIQOEWVsSxjScaunA,0,0,6,156,0,1,f964c92d-71a5-4336-8db6-5e208e277ab7,8e489a6c-3b53-4118-a870-700a0335f445,21897079-c1a2-4780-bc72-e48177b8e2c9
b5a8e5d9-664f-4836-8854-edc1b5fc7025,https://www.moxfield.com/decks/xja8uaUaT0-Bl4jP60jQJg,0,0,4,157,0,1,13584a06-4516-4d36-8de6-171efa46e3ce,dff6303b-43e5-4997-99d3-15241880096c,21897079-c1a2-4780-bc72-e48177b8e2c9
0b0cec88-bac2-423c-96ab-e04a99bc3dab,https://www.moxfield.com/decks/u1DNZ8o85EK3e5EGEuhthA,0,0,4,158,0,1,024451d1-9116-41f5-82a3-892ff8b23f5c,6927b3ce-47c6-40df-a512-00c4ee70e120,21897079-c1a2-4780-bc72-e48177b8e2c9
5187a1e2-778e-457e-a14d-6a395029570e,https://www.moxfield.com/decks/_hZYWJGi5UCQE9UtYrdmTQ,0,0,4,159,0,1,977470ad-3cb7-4443-8ff9-fca35ca97afa,ec1e572a-a349-45ec-b81d-50b4e6712f31,21897079-c1a2-4780-bc72-e48177b8e2c9
96d72cec-3d9f-445b-9f94-3ec395d78558,https://www.moxfield.com/decks/N2d7jG-2VkGBoVlt4Q5YuQ,0,0,4,160,0,1,24b6a1c0-1477-48cb-97eb-4010dacd17dc,6b7795fc-3411-4232-b752-152289f3d646,21897079-c1a2-4780-bc72-e48177b8e2c9
326df34d-1dbc-46f8-a140-bf59673e283e,https://www.moxfield.com/decks/N0TQVYhOcUmmX6EG8naKpA,0,0,4,161,0,1,e15471ae-7b48-4f13-9113-1ec49bbd6ad4,d1dcba70-c2cb-4da1-afcc-8ea485e4e1ee,21897079-c1a2-4780-bc72-e48177b8e2c9
743b235e-150c-41ff-8706-25d37a8c301f,https://www.moxfield.com/decks/LMs7EjJvWk-1Ue_erLZH5w,0,0,6,162,0,1,fe4de53c-54b0-4dc4-9c4a-7b9a59ee8049,6b7795fc-3411-4232-b752-152289f3d646,21897079-c1a2-4780-bc72-e48177b8e2c9
8d3adfc1-6172-482e-82b8-5b66a82ec8ce,https://www.moxfield.com/decks/3cEtxQHUYU-fJ5Kpvh6asg,0,0,6,163,0,1,826fb927-161e-4259-9b44-489d592f42e3,bb47d342-0196-45dd-a2b1-5067f7f2fd51,21897079-c1a2-4780-bc72-e48177b8e2c9
87d9b230-1568-4724-b087-9a45c7c9fa87,https://www.moxfield.com/decks/aJzr7uv9PEatQxrSy08Kig,4,0,3,164,0,0,39af7953-be6a-40ce-8d35-13d190041df7,d43878b9-51c9-4a1b-860c-618524f3d336,21897079-c1a2-4780-bc72-e48177b8e2c9
72a684be-31a7-4244-95a8-8b65428dd7d0,https://www.moxfield.com/decks/l3wzPwjuwkm7MYQpgzO6Qg,4,0,1,165,0,0,f0d27186-fb4d-4c8a-9922-c5cccf8bc529,07198392-a91d-4b95-88d7-583e667a69e3,21897079-c1a2-4780-bc72-e48177b8e2c9
bc37505f-cdc7-4755-8c73-f440f36a1eb5,https://www.moxfield.com/decks/87wiRLMffEuOuLbAItnsiQ,4,0,1,166,0,0,47678add-8415-485f-b4d1-66e38464992b,dff6303b-43e5-4997-99d3-15241880096c,21897079-c1a2-4780-bc72-e48177b8e2c9
0c258511-5777-455a-9a5f-84c0f2239dfd,https://www.moxfield.com/decks/2VbV9XivAUmEznMmdaXVww,4,0,1,167,0,0,a6db4001-7f39-44ea-8017-b7fd271e4c91,bca38cbb-cee2-4a46-903a-44272f01e281,21897079-c1a2-4780-bc72-e48177b8e2c9
11931b4d-47fb-4e0e-bbd9-2bf01e9660dd,https://www.moxfield.com/decks/3jZ6X46J2Uqux2u_VPKydA,3,0,2,168,0,0,a6bacd54-e185-48f5-a6dc-5936480533eb,dff6303b-43e5-4997-99d3-15241880096c,21897079-c1a2-4780-bc72-e48177b8e2c9
f8b29805-09d4-495a-ad15-15c366a3354a,https://www.moxfield.com/decks/GV3b5XOhEEWHVwt61YJAaA,3,0,2,169,0,0,33a20031-b2a5-4204-9e6f-cad91eea767e,47ddf339-d736-4269-bcb3-c0daf513c0e7,21897079-c1a2-4780-bc72-e48177b8e2c9
b8050917-fe96-45fc-87bc-82b7a93f0820,https://www.moxfield.com/decks/N6DAmea8vUuovFtBlalpnA,3,0,3,170,0,0,d44cd44f-2be0-4b59-ae6d-1d63042ce3e7,b10a2ed8-c285-4d12-9541-3de294142246,21897079-c1a2-4780-bc72-e48177b8e2c9
0bc0448e-6f1e-46c2-87d3-0831a5164145,https://www.moxfield.com/decks/pisqAGP0xEuVqRniTq0ShA,3,0,3,171,0,0,1b5e9104-8274-4562-a16a-b9f323e5385a,eaecc657-bc72-4caf-84ef-7c1270823f12,21897079-c1a2-4780-bc72-e48177b8e2c9
c08c52fe-3bf3-4680-8e43-2702f0d8ae1f,https://www.moxfield.com/decks/Ax2g4LodSUGKulbjmVuolQ,3,0,2,172,0,0,ccfe4d79-bca9-403c-9d35-94cbdf615c2e,d1dcba70-c2cb-4da1-afcc-8ea485e4e1ee,21897079-c1a2-4780-bc72-e48177b8e2c9
cc58c6d5-b2f8-4454-8578-6ca43b1bf466,https://www.moxfield.com/decks/zpqOERKx006jlM9ULd-iJA,2,0,3,173,0,0,f233153c-d613-49a8-8420-8c190fbebec8,dff6303b-43e5-4997-99d3-15241880096c,21897079-c1a2-4780-bc72-e48177b8e2c9
aaf09378-1580-4fb3-81fc-d4d80eaa46da,https://www.moxfield.com/decks/rmTTjuKT6UmggXVGAilJqQ,2,0,3,174,0,0,78a454a3-6cc3-44ea-8961-c691665d2663,6c878fe9-d3e1-4cc3-ad9d-3b8067efd314,21897079-c1a2-4780-bc72-e48177b8e2c9
e5e4ad2b-8ee3-43c3-b83d-6747270f6854,https://www.moxfield.com/decks/UXW-STEQtUSxrq0yCuQgqg,2,0,4,175,0,0,47e3256e-e6ed-4274-a107-6a519e4d18bb,6d027e44-9e05-4cd3-bf92-3b7254077c2b,21897079-c1a2-4780-bc72-e48177b8e2c9
4d05e04f-27c3-4b8a-b209-29c3709ce661,https://www.moxfield.com/decks/9-JmXZ3BaUGTOZiDS5IBTw,2,0,3,176,0,0,f5ac4766-b937-4f24-82a3-2201325fc4cb,2bd747d7-f554-482f-8478-e5795eba660e,21897079-c1a2-4780-bc72-e48177b8e2c9
0368c2b7-0522-4d8b-9089-debe2754ffef,https://www.moxfield.com/decks/CNWUvjPa40yKXVa4HYLuDg,2,0,3,177,0,0,a2b5e88d-e36e-4994-afda-10cc11e83301,439bf8c0-d727-4f4d-8382-1d38d60320f9,21897079-c1a2-4780-bc72-e48177b8e2c9
c6d53ac1-036e-4a51-ae3f-14d086296f51,https://www.moxfield.com/decks/fM6j5-fL_EOGV4B6vvf3Lw,2,0,4,178,0,0,eb82650b-c6e5-4947-a38c-7ba40e08ccc0,6b7795fc-3411-4232-b752-152289f3d646,21897079-c1a2-4780-bc72-e48177b8e2c9
65d8d0a4-b5e3-4a3d-94e1-f8288892ca21,https://www.moxfield.com/decks/VvQnrdOQP0m8l5-OqN1g2Q,2,0,4,179,0,0,e8e63ced-854f-4aca-8cf9-6eb1dcc0d437,2a5580f1-57d1-43b5-abb6-aadd1ccc23e2,21897079-c1a2-4780-bc72-e48177b8e2c9
30413288-961a-41dd-ae27-ce7110f4a495,https://www.moxfield.com/decks/A9DVem89MEyxZeu-G1D8gQ,2,0,3,180,0,0,e45f2a1f-6290-445e-a760-867a4c8ecd33,d1dcba70-c2cb-4da1-afcc-8ea485e4e1ee,21897079-c1a2-4780-bc72-e48177b8e2c9
ff7355d0-d4a9-4126-a9a4-45e96504ace9,https://www.moxfield.com/decks/-3GXGysNVUSxNxnggx7QQA,2,0,3,181,0,0,00c7ce15-4727-45d1-b592-10f196dcbee8,727aeca6-467e-4b3d-8524-2258543010aa,21897079-c1a2-4780-bc72-e48177b8e2c9
2a0c0e3e-2f68-45ed-a753-4735356e8ab9,https://www.moxfield.com/decks/mN0Chghx40emmL1bvchhJA,2,0,3,182,0,0,fc83fa77-5f1d-4eaf-8bec-6ee5a2f712bf,bcd8f787-eb32-495c-b74a-af35f0e8a298,21897079-c1a2-4780-bc72-e48177b8e2c9
d2ef994f-a649-4e38-9d70-07de94da8a7a,https://www.moxfield.com/decks/niINhsmAa02mtPeQMyLgXQ,2,0,3,183,0,0,b06b7e2f-d0b6-4d67-bc6e-9fe0217238b7,8e489a6c-3b53-4118-a870-700a0335f445,21897079-c1a2-4780-bc72-e48177b8e2c9
3be92305-e2c1-4d74-b135-658e17d1a486,https://www.moxfield.com/decks/XTaUqckuWEGOgzAnAdMT5w,2,0,3,184,0,0,7fb0d930-cd8a-4847-87e6-dbf9ed1cd448,9770d213-7914-44bf-b1e6-84d49f7f8a14,21897079-c1a2-4780-bc72-e48177b8e2c9
bd5d70b3-dc43-494d-9fed-f3ef91b0cc38,https://www.moxfield.com/decks/-n2I879agUeQPDe0mZ0Fhw,2,0,2,185,0,0,631f9699-0a54-4d74-a809-1e3393dda484,a26285f5-c755-49a0-b8f3-65d5287f2965,21897079-c1a2-4780-bc72-e48177b8e2c9
c68e933e-9d2c-4b38-b0c1-c33fb6343207,https://www.moxfield.com/decks/ch-c6QuvTkqBlSpl_4detA,2,0,3,186,0,0,7b8938ed-ec69-46af-ba62-537806643d09,d70a6617-e01d-4fb2-9ef9-a187ee2cdd7f,21897079-c1a2-4780-bc72-e48177b8e2c9
45fa65dd-c616-4cda-9144-21c77ded1cd3,https://www.moxfield.com/decks/VTI1O4bMHEmvOCJn7qGJWw,2,0,3,187,0,0,a03964b0-38e4-4f1f-8aff-9f72eda86418,5c349d90-1a34-48db-b40c-1a5ebbc05cf2,21897079-c1a2-4780-bc72-e48177b8e2c9
c5cee6db-3465-438f-95d0-a325c19fc32c,https://www.moxfield.com/decks/dux6d3e_tUSctZvP59e2rA,2,0,4,188,0,0,16ca1382-23f9-4648-b671-f62da6f8e35d,8e489a6c-3b53-4118-a870-700a0335f445,21897079-c1a2-4780-bc72-e48177b8e2c9
8e793060-34d1-4608-bfa1-dc7dfd629d81,https://www.moxfield.com/decks/k2sVWQzvCEOsBf5bSz1pZg,2,0,4,189,0,0,b8e98578-0f61-4a24-94ec-52864341ec04,4ddb0d90-89b8-4efb-a0db-6697c7af47f7,21897079-c1a2-4780-bc72-e48177b8e2c9
800957a9-6fd1-4a60-bd56-f64f8a4820e2,https://www.moxfield.com/decks/XtlHh2WBtkqLAhbEZVNRPQ,2,0,5,190,0,0,8523ffc3-8441-4be1-a073-90a581bc6468,d1dcba70-c2cb-4da1-afcc-8ea485e4e1ee,21897079-c1a2-4780-bc72-e48177b8e2c9
60e1f27b-ecd6-4f78-8858-e70f7818c572,https://www.moxfield.com/decks/Nbd4z9bpZ0mFi5DuccVzcQ,1,0,4,191,0,0,1187fdf0-fe4d-481c-998c-0137b923d3cf,1abd3b29-5af6-47f0-81ba-25cc435026a8,21897079-c1a2-4780-bc72-e48177b8e2c9
08938348-9140-4c70-a9ca-0425944883c2,https://www.moxfield.com/decks/p8qeH2mKjUKtELlhc-rYog,1,0,4,192,0,0,df88a80e-a54f-4ab4-ab97-de324530b421,2c926f50-3609-4e5a-bb38-4a0dc538970e,21897079-c1a2-4780-bc72-e48177b8e2c9
6e8e6d55-f83a-478e-94ab-5bc9bc496b42,https://www.moxfield.com/decks/25dVyZE0zkyDlUisBMVVdA,1,0,4,193,0,0,59db58fd-c6d4-41d2-8a14-ee1b9ddc795c,c85c3949-55e5-47aa-a291-212225ff2d8a,21897079-c1a2-4780-bc72-e48177b8e2c9
9b4b60ae-0a33-4ae7-b662-552189b42e9f,https://www.moxfield.com/decks/Wv4gjvpsH0-HclwTV7_HSw,1,0,5,194,0,0,8e597643-519b-463b-ba30-30bc558aa8b5,30c43f7d-e0ca-4aac-85d9-6d5235b11304,21897079-c1a2-4780-bc72-e48177b8e2c9
8dfac6f9-cdbb-4259-bf9e-665b8ef909fd,https://www.moxfield.com/decks/csjIdvVjZUiXNB8eaDEFqw,1,0,5,195,0,0,36349bf6-e4ac-4d5e-b946-afbdf9cfb2d0,00221313-4027-4532-aed2-2ddeb7c458c6,21897079-c1a2-4780-bc72-e48177b8e2c9
92354273-cdfb-499e-bc8e-6ba5b4d51ac5,https://www.moxfield.com/decks/MUJyfSR7Uk-pZRI0xM11HA,1,0,4,196,0,0,a1852249-b9ab-40f9-a059-c84df39600c7,e11f52fe-e854-48fd-ae57-f7628126b383,21897079-c1a2-4780-bc72-e48177b8e2c9
821aa2ef-bd56-4b56-a310-f465cc97d921,https://www.moxfield.com/decks/xlciI3Iu7EyGrr_HcdatlA,1,0,4,197,0,0,d9175f44-e65d-44ad-9574-71a9f5d9667c,6ad34afc-84a9-49f7-9587-28f9a07ae73f,21897079-c1a2-4780-bc72-e48177b8e2c9
739dc42e-493e-496b-9d6c-0e5b57d9738a,https://www.moxfield.com/decks/bgQdWUDpRUeUtwBcIp1jnQ,1,0,4,198,0,0,72b1acfa-6ace-4fba-9ebb-5c55e01cc508,6c878fe9-d3e1-4cc3-ad9d-3b8067efd314,21897079-c1a2-4780-bc72-e48177b8e2c9
3b50c8ca-6961-454e-bf9d-8bfc44a40c16,https://www.moxfield.com/decks/aRbI5pyfTUaGn4o0jfL88A,1,0,5,199,0,0,4c6a2c38-0aba-491f-8400-91a29bbb6525,6b7795fc-3411-4232-b752-152289f3d646,21897079-c1a2-4780-bc72-e48177b8e2c9
d3b1d706-6a98-472f-abb9-588cb9d4d9c7,https://www.moxfield.com/decks/USPX6CQZSk-OfWilE_RABQ,1,0,4,200,0,0,f5b04f3a-208d-48fa-8dfd-ad9fb8372fa1,237b4abb-b676-40ed-96d6-f8fd051c0e05,21897079-c1a2-4780-bc72-e48177b8e2c9
c421e3ae-020e-4e6c-9a59-287e67ae6ed3,https://www.moxfield.com/decks/bkR5Ng51IUq0U6CuhVbYfA,1,0,4,201,0,0,958c8e49-07a9-4c7b-b87c-c1e34855f6a8,b10a2ed8-c285-4d12-9541-3de294142246,21897079-c1a2-4780-bc72-e48177b8e2c9
17421d54-021c-4b8e-9d71-b1409fd9981c,https://www.moxfield.com/decks/uJLZE35pC0OzPtAxrvzCRg,1,0,4,202,0,0,b76ee04b-4739-4913-bd13-7b752892009c,439bf8c0-d727-4f4d-8382-1d38d60320f9,21897079-c1a2-4780-bc72-e48177b8e2c9
9ea39d54-7976-4c09-8bac-e02f5f789f94,https://www.moxfield.com/decks/3oVZzNDA1UGEFDIdVJgk3A,1,0,3,203,0,0,44013d58-7327-4de5-a6da-12748a450e0d,6b7795fc-3411-4232-b752-152289f3d646,21897079-c1a2-4780-bc72-e48177b8e2c9
ddaefc4c-e8a7-426b-a6d8-2b4367942656,https://www.moxfield.com/decks/wAceUptbR0K_G3uFksKkMg,1,0,4,204,0,0,13b6ef32-8585-4a4b-b18a-ede4eacfeeec,8bf88d99-0d9d-4b59-99f2-553cc7abd7e1,21897079-c1a2-4780-bc72-e48177b8e2c9
1a293ce2-7aee-4af0-82d0-adeb6ee2241d,https://www.moxfield.com/decks/QTt9kkQlXU-zI_0Enpq_Cw,1,0,4,205,0,0,cda69a47-0720-422e-ab5b-54263d588cb9,30c43f7d-e0ca-4aac-85d9-6d5235b11304,21897079-c1a2-4780-bc72-e48177b8e2c9
13bb8b36-dccb-43a4-b3d9-4ee3a68d00dc,https://www.moxfield.com/decks/RPo1wUWG50SaXYXjTtVi0g,1,0,6,206,0,0,59cad298-b5d7-4238-8ced-52170bb63940,6b7795fc-3411-4232-b752-152289f3d646,21897079-c1a2-4780-bc72-e48177b8e2c9
4d719bc8-81d5-4526-97d8-b066f311985d,https://www.moxfield.com/decks/UTnalbYlR0C58fkdhOLCMg,1,0,6,207,0,0,851ded32-8f36-4c23-9fe0-451397fe9790,d1dcba70-c2cb-4da1-afcc-8ea485e4e1ee,21897079-c1a2-4780-bc72-e48177b8e2c9
16bf8a4e-16fc-42f1-9e0d-448e0c9026b6,https://www.moxfield.com/decks/asGtVtBj60axJYNZI5kFPQ,1,0,4,208,0,0,2035be9b-baf0-43ad-8756-dd2aaa8fbeab,30c43f7d-e0ca-4aac-85d9-6d5235b11304,21897079-c1a2-4780-bc72-e48177b8e2c9
453f258e-b7e2-4c2c-bf9d-b8abd7d4fee9,https://www.moxfield.com/decks/1ImGqDa9K0mH8fHfSigE4A,1,0,4,209,0,0,a2d02cd0-ce36-48eb-873e-e0ef20455b41,6b7795fc-3411-4232-b752-152289f3d646,21897079-c1a2-4780-bc72-e48177b8e2c9
5a2cb48b-ec78-40f7-afc6-ed5e5f04dc13,https://www.moxfield.com/decks/rG2qvAEib0iyn8ktavxjUw,1,0,6,210,0,0,32731985-6626-4899-9394-9abd7e009890,d1dcba70-c2cb-4da1-afcc-8ea485e4e1ee,21897079-c1a2-4780-bc72-e48177b8e2c9
8d480a8b-37f2-4488-9ae3-00df1f790a27,https://www.moxfield.com/decks/MoMKvxY7KUapb-eOjeSRwQ,1,0,6,211,0,0,8cf342e6-7a7a-4691-bfcd-538286d0f044,d1dcba70-c2cb-4da1-afcc-8ea485e4e1ee,21897079-c1a2-4780-bc72-e48177b8e2c9
dfb02611-ec9f-4f67-af5e-79816e571187,https://www.moxfield.com/decks/zD77JdVLh0KmSHI-YQ7Rtg,1,0,3,212,0,0,af485e66-364e-4c51-963c-a8b5d89c10c8,d0132db2-ac78-46b8-b96f-7f63fadae068,21897079-c1a2-4780-bc72-e48177b8e2c9
686238c9-d3cd-4266-8ade-9c6452a9a86b,https://www.moxfield.com/decks/sU2ue18khEqzHjCLlJ5RxQ,0,0,4,213,0,0,ed17bd3a-e49a-4879-839d-db2a7cfb42ec,a9ff2129-abb4-4b7c-8e13-cd82d28b9646,21897079-c1a2-4780-bc72-e48177b8e2c9
6b2e9e9f-1e0b-4a2a-a6ea-0de5741f9e6d,https://www.moxfield.com/decks/xVC4GqODm0mPOuHtBOcaxw,0,0,4,214,0,0,d7dc128e-dc18-4a42-9939-9e71474751c9,dff6303b-43e5-4997-99d3-15241880096c,21897079-c1a2-4780-bc72-e48177b8e2c9
7fbb834f-a721-4b7f-9291-33adea5d9e05,,0,0,1,215,0,0,e3535616-d67e-4374-8331-d48d283a1323,8cf2425e-7ad8-4b45-bb5f-83cd0c4b65c6,21897079-c1a2-4780-bc72-e48177b8e2c9
aa2e132b-07f9-4db9-ac4f-295f56824fb2,https://www.moxfield.com/decks/vE9bhE9MoEyr8GbTIoLylw,0,0,4,216,0,0,536fec1f-4cd0-4d9e-bc50-31dde8583aa3,b10a2ed8-c285-4d12-9541-3de294142246,21897079-c1a2-4780-bc72-e48177b8e2c9
f473bb80-1514-434b-b2f7-042aa1ccbe94,https://www.moxfield.com/decks/woCTuPCLJ02SlsV5Mkdx7A,0,0,3,217,0,0,1a2ac0d9-61b4-421d-b2f9-53d3967ee89b,c29d50ee-4f24-44d5-9d3c-b0fc320b0190,21897079-c1a2-4780-bc72-e48177b8e2c9
c466dad9-380b-445f-8b50-7b4755b91a40,https://www.moxfield.com/decks/MO-ctxpOrEe23YjeEBtshQ,0,0,4,218,0,0,5c621520-cd84-44f0-a226-b4cf3bc59fe5,d1dcba70-c2cb-4da1-afcc-8ea485e4e1ee,21897079-c1a2-4780-bc72-e48177b8e2c9
0fa9d027-c115-40c2-b327-f20d74353038,https://www.moxfield.com/decks/ET4KuMmZvkC8f6jwN3inGg,0,0,4,219,0,0,7185b473-2f33-47ef-acf8-f8c801e053ee,c5021b69-f44c-412f-837b-1b0d5dd5cfec,21897079-c1a2-4780-bc72-e48177b8e2c9
a61d507a-0daf-4c46-8fbd-2d4f3bcab2b8,https://www.moxfield.com/decks/uncZBtB_fUGLS9AcLPywQw,0,0,7,220,0,0,bd9b75da-3772-44c0-8467-efa65a10bb97,30c43f7d-e0ca-4aac-85d9-6d5235b11304,21897079-c1a2-4780-bc72-e48177b8e2c9
36bd93e6-7079-4107-9142-1d1a55233549,https://www.moxfield.com/decks/8HvRYXj8EUiFGJtKBB9Lxg,0,0,4,221,0,0,d7dd50a4-2d7f-4de3-b292-e04a4276a435,375562ca-d450-4935-ba2c-2e325dee82c8,21897079-c1a2-4780-bc72-e48177b8e2c9
2a627c2c-e54e-4b08-9f38-601039db2ae0,https://www.moxfield.com/decks/UfOy-MtAfEWbURYfsaRGTA,0,0,4,222,0,0,6867ee0a-d981-4537-af2f-06a6ad9eb975,6b7795fc-3411-4232-b752-152289f3d646,21897079-c1a2-4780-bc72-e48177b8e2c9
5894e7d3-6864-4441-953d-74ebf65061d9,https://www.moxfield.com/decks/rxzgngmqGUGChEqiEXAdcg,0,0,5,223,0,0,bea1d4b7-3c67-4744-8658-95d2b88d8dfb,d1dcba70-c2cb-4da1-afcc-8ea485e4e1ee,21897079-c1a2-4780-bc72-e48177b8e2c9
aeeeb239-ed11-4b8f-b4c0-c62495b3cda3,https://www.moxfield.com/decks/yjI5U4sjbEyhu49FW4IyDg,0,0,4,224,0,0,4e138ff3-c8f3-490d-889e-34e5c38f445e,a09c7231-7d0c-4e61-89ac-62818714bb67,21897079-c1a2-4780-bc72-e48177b8e2c9
63db27fe-9290-4c72-83ca-496cf0111cb1,https://www.moxfield.com/decks/IvMk5AnyLUGUHT4ZwYQhVA,0,0,5,225,0,0,d9d730cf-9eb3-46c6-88e6-ab45242dac01,993feb9c-26da-4a51-adf7-21782ecf9192,21897079-c1a2-4780-bc72-e48177b8e2c9
5e4ac6a3-8cfd-4069-8bf8-95b9c9401216,https://www.moxfield.com/decks/piCfbFJyj0uqjR_SjlE4AA,0,0,4,226,0,0,8fcbbc21-1525-4872-8f2e-c9f7167e8a9d,c5021b69-f44c-412f-837b-1b0d5dd5cfec,21897079-c1a2-4780-bc72-e48177b8e2c9
1c5b833c-d92d-4956-90a6-654ace413278,https://www.moxfield.com/decks/undefined,0,0,5,227,0,0,0416bda0-245b-4754-9531-49bd658352d1,8cf2425e-7ad8-4b45-bb5f-83cd0c4b65c6,21897079-c1a2-4780-bc72-e48177b8e2c9
05088f8d-3a91-4d15-9abc-9ff152e35521,https://www.moxfield.com/decks/GzNj-wjEDEeTaQBGpl7Vgg,0,0,7,228,0,0,3232af55-db50-48f2-8563-c999513554de,94a5fb16-d4b1-4e1f-8dcd-10a8d95df16e,21897079-c1a2-4780-bc72-e48177b8e2c9
31ed1b3c-84be-48f8-a1c5-abc255da63f5,https://www.moxfield.com/decks/UJmmouXml0aq5kL2-GMwjA,0,0,5,229,0,0,aab2c0e6-8bca-4193-906b-9bf706ee1071,993feb9c-26da-4a51-adf7-21782ecf9192,21897079-c1a2-4780-bc72-e48177b8e2c9
b4559609-440d-4067-bf28-e448ba79f658,https://www.moxfield.com/decks/3tSU4ibMxEupquS5k--aPQ,0,0,4,230,0,0,55690404-0b2c-46ec-9b23-705e2bbb6d3d,1abd3b29-5af6-47f0-81ba-25cc435026a8,21897079-c1a2-4780-bc72-e48177b8e2c9
2f135e2f-222c-4647-91c3-1a00e138ed42,https://www.moxfield.com/decks/0OnaharRtUOGB81iw2_mfQ,0,0,5,231,0,0,c45adcb6-5f9c-4ca7-86cc-3e723caacdd9,5824d06e-f5a2-4d9f-82a1-c65f53e8115d,21897079-c1a2-4780-bc72-e48177b8e2c9
8f6fb48a-afba-424f-978b-d0664da4221b,https://www.moxfield.com/decks/CuuH3fmETEeK3qmQ9Z03YQ,0,0,5,232,0,0,f6eb2b50-9c84-41d1-9d66-232465ff5ff5,c8657f56-bcb4-466c-9bcb-3db7de00921a,21897079-c1a2-4780-bc72-e48177b8e2c9
122d449e-65d1-4590-9ae2-07fc3c16cadc,,0,0,1,233,0,0,a1740f81-7eca-4ba5-b975-07957fc1904d,8cf2425e-7ad8-4b45-bb5f-83cd0c4b65c6,21897079-c1a2-4780-bc72-e48177b8e2c9
c6c15693-aaef-4056-9895-1392a43558bd,,0,0,0,234,0,0,771bfed1-5ef8-47e0-8454-2ae6312863ef,8cf2425e-7ad8-4b45-bb5f-83cd0c4b65c6,21897079-c1a2-4780-bc72-e48177b8e2c9
1b6ce19f-4671-4a0d-9f23-1f7cbfff40dd,https://www.moxfield.com/decks/incCPSLLsUqpQmkWQcmr-A,0,0,0,235,0,0,42d77b29-4c80-49eb-9f0b-c41de5612cca,d1dcba70-c2cb-4da1-afcc-8ea485e4e1ee,21897079-c1a2-4780-bc72-e48177b8e2c9
1e4a2505-5600-4ae3-a830-27ac0213f5a9,,0,0,0,236,0,0,2c2ea964-4fca-4a63-b0d8-61d32c097b14,8cf2425e-7ad8-4b45-bb5f-83cd0c4b65c6,21897079-c1a2-4780-bc72-e48177b8e2c9
993d2c5c-d107-40a3-8fc5-deb8ba9397fa,,0,0,0,237,0,0,428c616c-cb3b-45ad-9ce3-c9646b44464e,8cf2425e-7ad8-4b45-bb5f-83cd0c4b65c6,21897079-c1a2-4780-bc72-e48177b8e2c9
8b5c4384-467b-4b23-a291-cab7770ce623,,0,0,0,238,0,0,0a7ff4ed-4191-4f42-a1df-6f756f678c14,8cf2425e-7ad8-4b45-bb5f-83cd0c4b65c6,21897079-c1a2-4780-bc72-e48177b8e2c9
91fb39e1-41d4-4bfe-9567-e5fc4a598194,,0,0,0,239,0,0,92c3f1fe-7e1b-4fe9-a7aa-de306709d6d7,8cf2425e-7ad8-4b45-bb5f-83cd0c4b65c6,21897079-c1a2-4780-bc72-e48177b8e2c9
1b710c5f-1468-45e1-a5ee-e7ad6a7cd0e8,,0,0,0,240,0,0,cea13359-4b0b-4403-aa85-e09e53864931,8cf2425e-7ad8-4b45-bb5f-83cd0c4b65c6,21897079-c1a2-4780-bc72-e48177b8e2c9
23d8c4bc-5f9b-4493-a6fd-3a57c105fe5e,,0,0,0,241,0,0,fe9eb8c3-7c89-4249-aa4f-a139efadfea8,8cf2425e-7ad8-4b45-bb5f-83cd0c4b65c6,21897079-c1a2-4780-bc72-e48177b8e2c9
529cbcb2-24cb-486d-9ab1-8ad56779cfdb,,0,0,0,242,0,0,831679dd-5313-49b8-b152-e4ab3fa79370,8cf2425e-7ad8-4b45-bb5f-83cd0c4b65c6,21897079-c1a2-4780-bc72-e48177b8e2c9
876d1501-068f-4e62-a1dc-61f80f0048aa,,0,0,0,243,0,0,b5e2e0ba-3082-420a-9276-a85b458c2080,8cf2425e-7ad8-4b45-bb5f-83cd0c4b65c6,21897079-c1a2-4780-bc72-e48177b8e2c9
6855a3e6-06d1-4f03-afc2-8c596271eb76,,0,0,0,244,0,0,834485b5-4985-4b6b-9649-ad5a3e80ff67,8cf2425e-7ad8-4b45-bb5f-83cd0c4b65c6,21897079-c1a2-4780-bc72-e48177b8e2c9
4436cc72-b7c0-4d45-9134-fb0799bc862f,,0,0,0,245,0,0,11ee8ade-8c3b-4c82-8624-df7f848ee7b6,8cf2425e-7ad8-4b45-bb5f-83cd0c4b65c6,21897079-c1a2-4780-bc72-e48177b8e2c9
58b0cc73-4e5d-42f2-ac73-3427a2a31e9c,,0,0,0,246,0,0,662e43a8-29fd-4dff-ac3c-ed21103ce293,8cf2425e-7ad8-4b45-bb5f-83cd0c4b65c6,21897079-c1a2-4780-bc72-e48177b8e2c9
4160a479-9394-4c63-bd71-870d9cb4c4cb,https://www.moxfield.com/decks/3EzRyLZ9H0-FK7XpcCSKpQ,0,0,0,247,0,0,83a40476-3e2a-4265-b1ca-043cef6f59b2,dff6303b-43e5-4997-99d3-15241880096c,21897079-c1a2-4780-bc72-e48177b8e2c9
f5672f36-12ae-4cc0-9990-b5865e8c2b5e,,0,0,0,248,0,0,c5a790a5-e06e-487b-8c5c-845e9c81982b,8cf2425e-7ad8-4b45-bb5f-83cd0c4b65c6,21897079-c1a2-4780-bc72-e48177b8e2c9
9e3af37e-33f0-4033-9c92-03209ea15011,,0,0,0,249,0,0,843bab1d-4144-427f-b75f-c917d48c513c,8cf2425e-7ad8-4b45-bb5f-83cd0c4b65c6,21897079-c1a2-4780-bc72-e48177b8e2c9
9315364d-c0b9-408f-8141-0a9428db0d5e,,0,0,0,250,0,0,938c096c-8329-43ef-a7a7-efeb6c0d0fd8,8cf2425e-7ad8-4b45-bb5f-83cd0c4b65c6,21897079-c1a2-4780-bc72-e48177b8e2c9
2d78bac1-1464-4038-8cb1-3efd51e50b2d,,0,0,0,251,0,0,b85ea1fb-747e-4448-986e-3f935c386e1f,8cf2425e-7ad8-4b45-bb5f-83cd0c4b65c6,21897079-c1a2-4780-bc72-e48177b8e2c9
ab391ebd-58c8-4133-8e72-31387e9ff87f,,0,0,0,252,0,0,5b7b5e0f-1649-4210-a1ef-5b36b60f72ab,8cf2425e-7ad8-4b45-bb5f-83cd0c4b65c6,21897079-c1a2-4780-bc72-e48177b8e2c9
a5740501-b817-479d-90c3-89ee95d53189,,0,0,0,253,0,0,04130d45-7cc5-418e-898a-d8cb3c046c10,8cf2425e-7ad8-4b45-bb5f-83cd0c4b65c6,21897079-c1a2-4780-bc72-e48177b8e2c9
adf08e19-3c25-47e3-aaf1-dd65bd88d149,,0,0,0,254,0,0,4b09cb14-7b25-4716-b394-ae0f2dd8f294,8cf2425e-7ad8-4b45-bb5f-83cd0c4b65c6,21897079-c1a2-4780-bc72-e48177b8e2c9
8b225811-0f47-479b-867e-5826ca95d1f6,,0,0,0,255,0,0,29e52ea3-8084-4d64-b914-8bacd4479b28,8cf2425e-7ad8-4b45-bb5f-83cd0c4b65c6,21897079-c1a2-4780-bc72-e48177b8e2c9
634af874-5f1d-4ae5-bd54-520f43bfb484,,0,0,0,256,0,0,d93fe977-e3fe-4c70-990f-e966bf35f76d,8cf2425e-7ad8-4b45-bb5f-83cd0c4b65c6,21897079-c1a2-4780-bc72-e48177b8e2c9
d7ef6236-1199-47b0-a189-d336df53d371,https://www.moxfield.com/decks/YhBrfu_niUKwa9cvu3M_TQ,1,1,2,2,1,4,dd4611e4-f96a-4be1-a41a-cfbc2e36d3c4,6b7795fc-3411-4232-b752-152289f3d646,21897079-c1a2-4780-bc72-e48177b8e2c9
8fe4a72a-44f0-4350-bd8a-3a5bef5b2e5f,https://www.moxfield.com/decks/TWfCuV9GPkaFpjj-w_bzvA,3,1,1,3,1,3,7ab04913-a9f3-485f-bb71-d27404ac6517,d1dcba70-c2cb-4da1-afcc-8ea485e4e1ee,21897079-c1a2-4780-bc72-e48177b8e2c9
216c7eb4-90ae-4efc-b5c2-11cd48668bd6,https://www.moxfield.com/decks/AtRjbiUAnEaEZAsKbmQRKw,3,1,1,4,1,3,579a68c4-c123-4834-8ed6-7705970b78c9,5bb2de22-147a-48a9-b700-33ba15bfbf30,21897079-c1a2-4780-bc72-e48177b8e2c9
38ec4bf5-436b-413c-bf04-38b7bd3f9ccb,https://www.moxfield.com/decks/IKbY8Xg-LEKEjFhx9lWB2Q,2,1,1,5,0,4,5566fc2c-72e7-4569-a7f2-1774ec7c2c7d,d1dcba70-c2cb-4da1-afcc-8ea485e4e1ee,21897079-c1a2-4780-bc72-e48177b8e2c9
ddb8a56b-b1aa-4e91-a55f-4aa56aa45623,https://www.moxfield.com/decks/10PYI7pyX0Gzrg09sv2lbg,2,1,1,6,0,4,d4376a25-afd3-4cab-8cd3-d55c05bf79f0,da24ff87-cb80-4e67-972c-92a2f85c7451,21897079-c1a2-4780-bc72-e48177b8e2c9
ea274490-295c-48e6-8fcf-08a1f1e6fd42,https://www.moxfield.com/decks/ht428Prp3US_UvTLt-iSsw,3,1,1,7,0,3,24dc712f-ae9e-4ac9-b503-ffccbf005ab7,5af44329-8e6b-4617-b68b-714c8538daa7,21897079-c1a2-4780-bc72-e48177b8e2c9
